No,Nama Produk,Link Website,Available
1,Alkali (Detergent Booster)-1 Liter,https://indotech.id/products/alkali-pengangkat-noda-pencerah-pakaian/,Ya
2,Alkali (Detergent Booster)-5 Liter,https://indotech.id/products/alkali-pengangkat-noda-pencerah-pakaian/,Ya
3,Anti Noda Bandel-1 Liter,https://indotech.id/products/anti-noda-penghilang-noda-pakaian/,Ya
4,Anti Noda Bandel-5 Liter,https://indotech.id/products/anti-noda-penghilang-noda-pakaian/,Ya
5,Anti Noda Darah & Karat-1 Liter,https://indotech.id/products/anti-noda-penghilang-noda-pakaian/,Ya
6,Anti Noda Darah & Karat-5 Liter,https://indotech.id/products/anti-noda-penghilang-noda-pakaian/,Ya
7,Anti Noda Jamur-1 kg,https://indotech.id/products/anti-noda-jamur-penghilang-noda-jamur-bau-apek/,Ya
8,Anti Noda Lemak-1 Liter,https://indotech.id/products/anti-noda-penghilang-noda-pakaian/,Ya
9,Anti Noda Lemak-5 Liter,https://indotech.id/products/anti-noda-penghilang-noda-pakaian/,Ya
10,Anti Noda Tinta-1 Liter,https://indotech.id/products/anti-noda-penghilang-noda-pakaian/,Ya
11,Anti Noda Tinta-5 Liter,https://indotech.id/products/anti-noda-penghilang-noda-pakaian/,Ya
12,Cairan Pel Lantai (Pelmos)-5 Liter,https://indotech.id/products/pelmos-cairan-pel-lantai-wangi/,Ya
13,Cairan Pel Lantai (Pelmos)-1 Liter,https://indotech.id/products/pelmos-cairan-pel-lantai-wangi/,Ya
14,Chlorine Bleach (Pemutih Pakaian)-1 Liter,https://indotech.id/products/chlorine-bleach-pemutih-pakaian-profesional/,Ya
15,Chlorine Bleach (Pemutih Pakaian)-5 Liter,https://indotech.id/products/chlorine-bleach-pemutih-pakaian-profesional/,Ya
16,Compound (Body Scratch Remover)-100ml,https://indotech.id/products/compound-poles-bodi-penghilang-baret-kendaraan/,Ya
17,Crystal Cleaner (Pembersih Mesin Cuci)-95 gr,https://indotech.id/products/crystal-cleaner-pembersih-kristal-serbaguna/,Ya
18,Denum (Deterjen Premium)-1 Liter,https://indotech.id/products/denum-deterjen-cair-premium-laundry/,Ya
19,Denum (Deterjen Premium)-5 Liter,https://indotech.id/products/denum-deterjen-cair-premium-laundry/,Ya
20,Deterjen Batik (Nauki)-1 Liter,https://indotech.id/products/nauki-pelembut-pewangi-pakaian/,Ya
21,Deterjen Batik (Nauki)-5 Liter,https://indotech.id/products/nauki-pelembut-pewangi-pakaian/,Ya
22,Deterjen Eco-1.5 Liter,https://indotech.id/products/deterjen-eco-deterjen-cair-wangi-premium/,Ya
23,Deterjen Eco-5 Liter,https://indotech.id/products/deterjen-eco-deterjen-cair-wangi-premium/,Ya
24,Deterjen Helm-1 Liter,https://indotech.id/products/deterjen-helm-sabun-cuci-helm-khusus/,Ya
25,Deterjen Helm-5 Liter,https://indotech.id/products/deterjen-helm-sabun-cuci-helm-khusus/,Ya
26,Deterjen Karpet-1 Liter,https://indotech.id/products/deterjen-karpet-pembersih-karpet-sofa/,Ya
27,Deterjen Karpet-5 Liter,https://indotech.id/products/deterjen-karpet-pembersih-karpet-sofa/,Ya
28,Green Solvent (Chemical Dry Cleaning)-1 Liter,https://indotech.id/products/green-solvent-pembersih-minyak-lemak-ramah-lingkungan/,Ya
29,Green Solvent (Chemical Dry Cleaning)-5 Liter,https://indotech.id/products/green-solvent-pembersih-minyak-lemak-ramah-lingkungan/,Ya
30,Handsanitizer Cair-1 Liter,https://indotech.id/products/hand-sanitizer-cair-antiseptik-cuci-tangan/,Ya
31,Handsanitizer Cair-5 Liter,https://indotech.id/products/hand-sanitizer-cair-antiseptik-cuci-tangan/,Ya
32,Handwash-5 Liter,https://indotech.id/products/hand-wash-sabun-cuci-tangan-cair/,Ya
33,Karbol Anti Kuman-1.5 Liter,https://indotech.id/products/karbol-pembersih-lantai-disinfektan-pinus/,Ya
34,Karbol Anti Kuman-5 Liter,https://indotech.id/products/karbol-pembersih-lantai-disinfektan-pinus/,Ya
35,Parfum Aroma Timur Tengah - Malabeez-250ml,https://indotech.id/products/malabeez-parfum-laundry-oriental-premium/,Ya
36,Parfum Aroma Timur Tengah - Malabeez-5 Liter,https://indotech.id/products/malabeez-parfum-laundry-oriental-premium/,Ya
37,Parfum Aroma Timur Tengah - Malabeez-800ml,https://indotech.id/products/malabeez-parfum-laundry-oriental-premium/,Ya
38,Parfum Laundry Alkoholbase - Prime Plus-1 Liter,https://indotech.id/products/parfum-laundry-pewangi-pakaian-waterbase-alkohol/,Ya
39,Parfum Laundry Alkoholbase - Prime Plus-5 Liter,https://indotech.id/products/parfum-laundry-pewangi-pakaian-waterbase-alkohol/,Ya
40,Parfum Laundry Alkoholbase - Prime Std-1.5 Liter,https://indotech.id/products/parfum-laundry-pewangi-pakaian-waterbase-alkohol/,Ya
41,Parfum Laundry Alkoholbase - Prime Std-5 Liter,https://indotech.id/products/parfum-laundry-pewangi-pakaian-waterbase-alkohol/,Ya
42,Parfum Laundry Alkoholbase - Superior A-1.5 Liter,https://indotech.id/products/parfum-laundry-pewangi-pakaian-waterbase-alkohol/,Ya
43,Parfum Laundry Alkoholbase - Superior A-5 Liter,https://indotech.id/products/parfum-laundry-pewangi-pakaian-waterbase-alkohol/,Ya
44,Parfum Laundry Alkoholbase - Superior B-1.5 Liter,https://indotech.id/products/parfum-laundry-pewangi-pakaian-waterbase-alkohol/,Ya
45,Parfum Laundry Alkoholbase - Superior B-5 Liter,https://indotech.id/products/parfum-laundry-pewangi-pakaian-waterbase-alkohol/,Ya
46,Parfum Laundry Waterbase - Sleek Gold-1 Liter,https://indotech.id/products/parfum-laundry-pewangi-pakaian-waterbase-alkohol/,Ya
47,Parfum Laundry Waterbase - Sleek Gold-5 Liter,https://indotech.id/products/parfum-laundry-pewangi-pakaian-waterbase-alkohol/,Ya
48,Parfum Laundry Waterbase - Sleek Silver-1 Liter,https://indotech.id/products/parfum-laundry-pewangi-pakaian-waterbase-alkohol/,Ya
49,Parfum Laundry Waterbase - Sleek Silver-5 Liter,https://indotech.id/products/parfum-laundry-pewangi-pakaian-waterbase-alkohol/,Ya
50,Parfum Laundry Waterbase - Sleek Ultima-1 Liter,https://indotech.id/products/parfum-laundry-pewangi-pakaian-waterbase-alkohol/,Ya
51,Parfum Laundry Waterbase - Sleek Ultima-5 Liter,https://indotech.id/products/parfum-laundry-pewangi-pakaian-waterbase-alkohol/,Ya
52,Parfum Linen Spray - Malabeez-250ml,https://indotech.id/products/malabeez-parfum-laundry-oriental-premium/,Ya
53,Parfum Roll on - Malabeez-6ml,https://indotech.id/products/malabeez-parfum-laundry-oriental-premium/,Ya
54,Pelicin Setrika Eco-5 Liter,https://indotech.id/products/pelicin-setrika-eco-cairan-setrika-hemat/,Ya
55,Pelicin Setrika Premium (Glika)-1 Liter,https://indotech.id/products/glika-pelicin-pengharum-kain/,Ya
56,Pelicin Setrika Premium (Glika)-5 Liter,https://indotech.id/products/glika-pelicin-pengharum-kain/,Ya
57,Pembersih Interior Mobil-900ml,https://indotech.id/products/pembersih-interior-perawatan-kabin-kendaraan/,Ya
58,Pembersih Interior Mobil-100ml,https://indotech.id/products/pembersih-interior-perawatan-kabin-kendaraan/,Ya
59,Pembersih Interior Mobil-250ml,https://indotech.id/products/pembersih-interior-perawatan-kabin-kendaraan/,Ya
60,Pembersih Kaca Mobil-900ml,https://indotech.id/products/pembersih-kaca-mobil-glass-cleaner-kendaraan/,Ya
61,Pembersih Kaca Mobil-100ml,https://indotech.id/products/pembersih-kaca-mobil-glass-cleaner-kendaraan/,Ya
62,Pembersih Kaca Mobil-250ml,https://indotech.id/products/pembersih-kaca-mobil-glass-cleaner-kendaraan/,Ya
63,Pembersih Kaca Ruangan-1 Liter,https://indotech.id/products/glass-cleaner-pembersih-kaca-cermin/,Ya
64,Pembersih Kaca Ruangan-5 Liter,https://indotech.id/products/glass-cleaner-pembersih-kaca-cermin/,Ya
65,Pembersih Kerak Kamar Mandi-1 Liter,https://indotech.id/products/pembersih-kerak-anti-scale-descaler/,Ya
66,Pembersih Kerak Kamar Mandi-500ml,https://indotech.id/products/pembersih-kerak-anti-scale-descaler/,Ya
67,Pembersih Mesin (Engine Degreaser)-900ml,https://indotech.id/products/engine-degreaser-pembersih-mesin-kendaraan/,Ya
68,Pembersih Mesin (Engine Degreaser)-100ml,https://indotech.id/products/engine-degreaser-pembersih-mesin-kendaraan/,Ya
69,Pembersih Mesin (Engine Degreaser)-250ml,https://indotech.id/products/engine-degreaser-pembersih-mesin-kendaraan/,Ya
70,Pembersih Mesin Kopi (Pro Kopi)-450gr,https://indotech.id/products/pro-kopi-pembersih-mesin-kopi/,Ya
71,Pembersih Mesin Kopi (Pro Kopi)-900gr,https://indotech.id/products/pro-kopi-pembersih-mesin-kopi/,Ya
72,Pencerah Pakaian (Oxy Bleach)-1 Liter,https://indotech.id/products/oxy-bleach-pemutih-kain-berbasis-oksigen/,Ya
73,Penghitam Body-900ml,https://indotech.id/products/penghitam-body-restorer-eksterior-kendaraan/,Ya
74,Penghitam Body-100ml,https://indotech.id/products/penghitam-body-restorer-eksterior-kendaraan/,Ya
75,Penghitam Body-250ml,https://indotech.id/products/penghitam-body-restorer-eksterior-kendaraan/,Ya
76,Pengkilap Body-900ml,https://indotech.id/products/pengkilap-body-wax-shine-bodi-kendaraan/,Ya
77,Pengkilap Body-100ml,https://indotech.id/products/pengkilap-body-wax-shine-bodi-kendaraan/,Ya
78,Pengkilap Body-250ml,https://indotech.id/products/pengkilap-body-wax-shine-bodi-kendaraan/,Ya
79,Pengusir Tikus-900ml,https://indotech.id/products/pengusir-tikus-rodent-repellent-kendaraan/,Ya
80,Pengusir Tikus-100ml,https://indotech.id/products/pengusir-tikus-rodent-repellent-kendaraan/,Ya
81,Pengusir Tikus-250ml,https://indotech.id/products/pengusir-tikus-rodent-repellent-kendaraan/,Ya
82,Sabun Cuci Piring Eco-1.5 Liter,https://indotech.id/products/sabun-cuci-piring-dish-soap-anti-lemak/,Ya
83,Sabun Cuci Piring Eco-5 Liter,https://indotech.id/products/sabun-cuci-piring-dish-soap-anti-lemak/,Ya
84,Semir Ban-900ml,https://indotech.id/products/semir-ban-tire-shine-dressing-kendaraan/,Ya
85,Semir Ban-100ml,https://indotech.id/products/semir-ban-tire-shine-dressing-kendaraan/,Ya
86,Semir Ban-250ml,https://indotech.id/products/semir-ban-tire-shine-dressing-kendaraan/,Ya
87,Shampoo Mobil Reguler-1 Liter,https://indotech.id/products/shampoo-mobil-car-wash-shampoo/,Ya
88,Shampoo Mobil Reguler-5 Liter,https://indotech.id/products/shampoo-mobil-car-wash-shampoo/,Ya
89,Shampoo Mobil Salju-1 Liter,https://indotech.id/products/shampoo-mobil-car-wash-shampoo/,Ya
90,Shampoo Mobil Salju-5 Liter,https://indotech.id/products/shampoo-mobil-car-wash-shampoo/,Ya
91,Softener Eco-1.5 Liter,https://indotech.id/products/softener-pelembut-pakaian-serbaguna/,Ya
92,Softener Eco-5 Liter,https://indotech.id/products/softener-pelembut-pakaian-serbaguna/,Ya
93,Softener Premium (Glory)-1 Liter,https://indotech.id/products/glory-softener-pelembut-pakaian/,Ya
94,Softener Premium (Glory)-5 Liter,https://indotech.id/products/glory-softener-pelembut-pakaian/,Ya
95,Souring (Penetral pH air)-1 Liter,https://indotech.id/products/souring-penetral-ph-pelembut-kain-asam/,Ya
96,Souring (Penetral pH air)-5 Liter,https://indotech.id/products/souring-penetral-ph-pelembut-kain-asam/,Ya
97,Arai - Paket Bahan Sabun Cuci Tangan-10-15 Liter,https://indotech.id/products/arai-paket-bahan-sabun-cuci-tangan/,Ya
98,Athari - Biang Sabun Mandi Cair-3 Liter,https://indotech.id/products/athari-biang-sabun-mandi-cair/,Ya
99,Biang Karbol-5 Liter,https://indotech.id/products/biang-karbol-paket-bahan-karbol-wangi/,Ya
100,Biang Pel Lantai-5 Liter,https://indotech.id/products/biang-pel-lantai/,Ya
101,Biang Pelicin Setrika-5 Liter,https://indotech.id/products/biang-pelicin-setrika/,Ya
102,Determat Busa - Paket Bahan Deterjen Busa-10-20 Liter,https://indotech.id/products/determat-paket-bahan-detergen-cair/,Ya
103,Determat Eco - Paket Bahan Deterjen Eco-10-20 Liter,https://indotech.id/products/determat-eco-paket-bahan-deterjen-eco/,Ya
104,Determat Matic - Paket Bahan Deterjen Matic-10-20 Liter,https://indotech.id/products/determat-paket-bahan-detergen-cair/,Ya
105,Detta+ - Biang Deterjen Cair-5 Liter,https://indotech.id/products/detta-biang-deterjen-cair/,Ya
106,EssenZ - Paket Bahan Parfum Waterbase-15 Liter,https://indotech.id/products/parfum-waterbase-pewangi-kain-berbasis-air/,Ya
107,EssenZ Eco - Paket Bahan Parfum Waterbase-8 Liter,https://indotech.id/products/parfum-waterbase-pewangi-kain-berbasis-air/,Ya
108,Konsentrat Parfum Alkohol Base-10 Liter,https://indotech.id/products/konsentrat-parfum-alkohol-base/,Ya
109,O'Clean - Paket Bahan Sabun Cuci Piring-10-15 Liter,https://indotech.id/products/sabun-cuci-piring-dish-soap-anti-lemak/,Ya
110,Octa+ - Biang Sabun Cuci Piring-5 Liter,https://indotech.id/products/sabun-cuci-piring-dish-soap-anti-lemak/,Ya
111,Softa - Biang Softener-5 Liter,https://indotech.id/products/softener-pelembut-pakaian-serbaguna/,Ya
112,Softsense - Paket Bahan Softener-10-15 Liter,https://indotech.id/products/softener-pelembut-pakaian-serbaguna/,Ya
113,Atinsoft-1 Liter,https://indotech.id/products/atinsoft/,Ya
114,Atinsoft-5 Liter,https://indotech.id/products/atinsoft/,Ya
115,Biang Deodoran-100ml,https://indotech.id/products/deodoran-pewangi-penghilang-bau-kain/,Ya
116,Deodoran Parfum Spray-60ml,https://indotech.id/products/deodoran-pewangi-penghilang-bau-kain/,Ya
117,Deodoran Tawas Spray-60ml,https://indotech.id/products/deodoran-pewangi-penghilang-bau-kain/,Ya
118,Fixamax Cair-100ml,https://indotech.id/products/fixamax-cair/,Ya
119,Fixamax Cair-500ml,https://indotech.id/products/fixamax-cair/,Ya
120,Fixamax Cair-1 Liter,https://indotech.id/products/fixamax-cair/,Ya
121,Fixamax Crystal-80gr,https://indotech.id/products/fixamax-crystal/,Ya
122,Fixamax Crystal-450gr,https://indotech.id/products/fixamax-crystal/,Ya
123,Fixamax Crystal-950gr,https://indotech.id/products/fixamax-crystal/,Ya
124,Foam Booster-100ml,https://indotech.id/products/foam-booster/,Ya
125,NaCl-1 kg,https://indotech.id/products/nacl/,Ya
126,Refil Deodoran-1 Liter,https://indotech.id/products/deodoran-pewangi-penghilang-bau-kain/,Ya
127,Bibit Parfum - Baccarat-50ML,https://indotech.id/products/bibit-parfum/,Ya
128,Bibit Parfum - Downy Mystique-50ML,https://indotech.id/products/bibit-parfum/,Ya
129,Bibit Parfum - Downy Passion-50ML,https://indotech.id/products/bibit-parfum/,Ya
130,Bibit Parfum - Dunhill Blue-50ML,https://indotech.id/products/bibit-parfum/,Ya
131,Bibit Parfum - Floral-50ML,https://indotech.id/products/bibit-parfum/,Ya
132,Bibit Parfum - Jeruk Nipis-50ML,https://indotech.id/products/bibit-parfum/,Ya
133,Bibit Parfum - Lavender-50ML,https://indotech.id/products/bibit-parfum/,Ya
134,Bibit Parfum - Lemon Fresh-50ML,https://indotech.id/products/bibit-parfum/,Ya
135,Bibit Parfum - Molto Blue-50ML,https://indotech.id/products/bibit-parfum/,Ya
136,Bibit Parfum - Ocean Fresh-50ML,https://indotech.id/products/bibit-parfum/,Ya
137,Bibit Parfum - Phylux-50ML,https://indotech.id/products/bibit-parfum/,Ya
138,Bibit Parfum - Sakura-50ML,https://indotech.id/products/bibit-parfum/,Ya
139,Bibit Parfum - Snappy-50ML,https://indotech.id/products/bibit-parfum/,Ya
140,Bibit Parfum - Strawberry-50ML,https://indotech.id/products/bibit-parfum/,Ya
141,Bibit Parfum - Baccarat-100ML,https://indotech.id/products/bibit-parfum/,Ya
142,Bibit Parfum - Downy Mystique-100ML,https://indotech.id/products/bibit-parfum/,Ya
143,Bibit Parfum - Downy Passion-100ML,https://indotech.id/products/bibit-parfum/,Ya
144,Bibit Parfum - Dunhill Blue-100ML,https://indotech.id/products/bibit-parfum/,Ya
145,Bibit Parfum - Floral-100ML,https://indotech.id/products/bibit-parfum/,Ya
146,Bibit Parfum - Jeruk Nipis-100ML,https://indotech.id/products/bibit-parfum/,Ya
147,Bibit Parfum - Lavender-100ML,https://indotech.id/products/bibit-parfum/,Ya
148,Bibit Parfum - Lemon Fresh-100ML,https://indotech.id/products/bibit-parfum/,Ya
149,Bibit Parfum - Molto Blue-100ML,https://indotech.id/products/bibit-parfum/,Ya
150,Bibit Parfum - Ocean Fresh-100ML,https://indotech.id/products/bibit-parfum/,Ya
151,Bibit Parfum - Phylux-100ML,https://indotech.id/products/bibit-parfum/,Ya
152,Bibit Parfum - Sakura-100ML,https://indotech.id/products/bibit-parfum/,Ya
153,Bibit Parfum - Snappy-100ML,https://indotech.id/products/bibit-parfum/,Ya
154,Bibit Parfum - Strawberry-100ML,https://indotech.id/products/bibit-parfum/,Ya
